[
    {
        "id": "2b566407.d5918c",
        "type": "tab",
        "label": "BME280",
        "disabled": false,
        "info": ""
    },
    {
        "id": "94cf8e9e.4c4dc",
        "type": "tab",
        "label": "Multiboard",
        "disabled": false,
        "info": ""
    },
    {
        "id": "b0f85acd.10e538",
        "type": "tab",
        "label": "ESP1 Outputs",
        "disabled": false,
        "info": ""
    },
    {
        "id": "6f6ed074.6ae5f",
        "type": "mqtt-broker",
        "name": "",
        "broker": "192.168.1.104",
        "port": "1883",
        "clientid": "",
        "usetls": false,
        "compatmode": false,
        "keepalive": "60",
        "cleansession": true,
        "birthTopic": "",
        "birthQos": "0",
        "birthPayload": "",
        "closeTopic": "",
        "closeQos": "0",
        "closePayload": "",
        "willTopic": "",
        "willQos": "0",
        "willPayload": ""
    },
    {
        "id": "53b8c8f9.cfbe48",
        "type": "ui_tab",
        "name": "BME280",
        "icon": "dashboard",
        "order": 2,
        "disabled": false,
        "hidden": false
    },
    {
        "id": "37de8fe8.46846",
        "type": "ui_group",
        "name": "Frankyhub MQTT BME280",
        "tab": "53b8c8f9.cfbe48",
        "order": 1,
        "disp": true,
        "width": "6",
        "collapse": false
    },
    {
        "id": "9a1861f8.88c6d",
        "type": "ui_group",
        "name": "Multi-Dashboard",
        "tab": "897e8f0f.c94fb",
        "order": 1,
        "disp": true,
        "width": "6",
        "collapse": false
    },
    {
        "id": "897e8f0f.c94fb",
        "type": "ui_tab",
        "name": "MQTT Dashboard",
        "icon": "dashboard",
        "disabled": false,
        "hidden": false
    },
    {
        "id": "f1c79a42.40a9d8",
        "type": "ui_base",
        "theme": {
            "name": "theme-light",
            "lightTheme": {
                "default": "#0094CE",
                "baseColor": "#0094CE",
                "baseFont": "-apple-system,BlinkMacSystemFont,Segoe UI,Roboto,Oxygen-Sans,Ubuntu,Cantarell,Helvetica Neue,sans-serif",
                "edited": true,
                "reset": false
            },
            "darkTheme": {
                "default": "#097479",
                "baseColor": "#097479",
                "baseFont": "-apple-system,BlinkMacSystemFont,Segoe UI,Roboto,Oxygen-Sans,Ubuntu,Cantarell,Helvetica Neue,sans-serif",
                "edited": false
            },
            "customTheme": {
                "name": "Untitled Theme 1",
                "default": "#4B7930",
                "baseColor": "#4B7930",
                "baseFont": "-apple-system,BlinkMacSystemFont,Segoe UI,Roboto,Oxygen-Sans,Ubuntu,Cantarell,Helvetica Neue,sans-serif"
            },
            "themeState": {
                "base-color": {
                    "default": "#0094CE",
                    "value": "#0094CE",
                    "edited": false
                },
                "page-titlebar-backgroundColor": {
                    "value": "#0094CE",
                    "edited": false
                },
                "page-backgroundColor": {
                    "value": "#fafafa",
                    "edited": false
                },
                "page-sidebar-backgroundColor": {
                    "value": "#ffffff",
                    "edited": false
                },
                "group-textColor": {
                    "value": "#1bbfff",
                    "edited": false
                },
                "group-borderColor": {
                    "value": "#ffffff",
                    "edited": false
                },
                "group-backgroundColor": {
                    "value": "#ffffff",
                    "edited": false
                },
                "widget-textColor": {
                    "value": "#111111",
                    "edited": false
                },
                "widget-backgroundColor": {
                    "value": "#0094ce",
                    "edited": false
                },
                "widget-borderColor": {
                    "value": "#ffffff",
                    "edited": false
                },
                "base-font": {
                    "value": "-apple-system,BlinkMacSystemFont,Segoe UI,Roboto,Oxygen-Sans,Ubuntu,Cantarell,Helvetica Neue,sans-serif"
                }
            },
            "angularTheme": {
                "primary": "indigo",
                "accents": "blue",
                "warn": "red",
                "background": "grey"
            }
        },
        "site": {
            "name": "Node-RED Dashboard",
            "hideToolbar": "false",
            "allowSwipe": "false",
            "lockMenu": "false",
            "allowTempTheme": "true",
            "dateFormat": "DD.MM.YYYY",
            "sizes": {
                "sx": 48,
                "sy": 48,
                "gx": 6,
                "gy": 6,
                "cx": 6,
                "cy": 6,
                "px": 0,
                "py": 0
            }
        }
    },
    {
        "id": "3d720411.0fb43c",
        "type": "ui_group",
        "name": "ESP1 Outputs",
        "tab": "e2ce92b7.41d32",
        "order": 1,
        "disp": true,
        "width": "6",
        "collapse": false
    },
    {
        "id": "e2ce92b7.41d32",
        "type": "ui_tab",
        "name": "ESP1 Outputs",
        "icon": "dashboard",
        "disabled": false,
        "hidden": false
    },
    {
        "id": "5a45b8da.52b0d8",
        "type": "mqtt in",
        "z": "2b566407.d5918c",
        "name": "",
        "topic": "esp/bme280/temperature",
        "qos": "1",
        "datatype": "auto",
        "broker": "6f6ed074.6ae5f",
        "x": 150,
        "y": 120,
        "wires": [
            [
                "3042e15e.80a4ee"
            ]
        ]
    },
    {
        "id": "8ff168f0.0c74a8",
        "type": "mqtt in",
        "z": "2b566407.d5918c",
        "name": "",
        "topic": "esp/bme280/humidity",
        "qos": "1",
        "datatype": "auto",
        "broker": "6f6ed074.6ae5f",
        "x": 140,
        "y": 200,
        "wires": [
            [
                "29251f29.6687c"
            ]
        ]
    },
    {
        "id": "294f7eea.999d72",
        "type": "mqtt in",
        "z": "2b566407.d5918c",
        "name": "",
        "topic": "esp/bme280/pressure",
        "qos": "1",
        "datatype": "auto",
        "broker": "6f6ed074.6ae5f",
        "x": 140,
        "y": 280,
        "wires": [
            [
                "58610d70.bb9764"
            ]
        ]
    },
    {
        "id": "3042e15e.80a4ee",
        "type": "ui_gauge",
        "z": "2b566407.d5918c",
        "name": "",
        "group": "37de8fe8.46846",
        "order": 2,
        "width": 0,
        "height": 0,
        "gtype": "gage",
        "title": "Temperatur",
        "label": "ÂºC",
        "format": "{{value}}",
        "min": 0,
        "max": "40",
        "colors": [
            "#00b500",
            "#f7df09",
            "#ca3838"
        ],
        "seg1": "",
        "seg2": "",
        "x": 350,
        "y": 120,
        "wires": []
    },
    {
        "id": "29251f29.6687c",
        "type": "ui_gauge",
        "z": "2b566407.d5918c",
        "name": "",
        "group": "37de8fe8.46846",
        "order": 2,
        "width": 0,
        "height": 0,
        "gtype": "gage",
        "title": "Luftfeuchte",
        "label": "%",
        "format": "{{value}}",
        "min": "10",
        "max": "80",
        "colors": [
            "#53a4e6",
            "#1d78a9",
            "#4e38c9"
        ],
        "seg1": "",
        "seg2": "",
        "x": 370,
        "y": 200,
        "wires": []
    },
    {
        "id": "58610d70.bb9764",
        "type": "ui_gauge",
        "z": "2b566407.d5918c",
        "name": "",
        "group": "37de8fe8.46846",
        "order": 4,
        "width": 0,
        "height": 0,
        "gtype": "gage",
        "title": "Luftdruck",
        "label": "hPa",
        "format": "{{value}}",
        "min": 0,
        "max": "1200",
        "colors": [
            "#b366ff",
            "#8000ff",
            "#440088"
        ],
        "seg1": "",
        "seg2": "",
        "x": 360,
        "y": 280,
        "wires": []
    },
    {
        "id": "c78da7aa.0ef3e8",
        "type": "mqtt in",
        "z": "94cf8e9e.4c4dc",
        "name": "",
        "topic": "esp8266/temperature",
        "qos": "2",
        "datatype": "auto",
        "broker": "6f6ed074.6ae5f",
        "x": 120,
        "y": 320,
        "wires": [
            [
                "7a6de433.20e89c"
            ]
        ]
    },
    {
        "id": "eb30e74b.9ca058",
        "type": "mqtt out",
        "z": "94cf8e9e.4c4dc",
        "name": "",
        "topic": "esp8266/output",
        "qos": "",
        "retain": "",
        "broker": "6f6ed074.6ae5f",
        "x": 380,
        "y": 60,
        "wires": []
    },
    {
        "id": "e8ad8388.38fc9",
        "type": "ui_switch",
        "z": "94cf8e9e.4c4dc",
        "name": "",
        "label": "Output",
        "tooltip": "",
        "group": "9a1861f8.88c6d",
        "order": 1,
        "width": 0,
        "height": 0,
        "passthru": true,
        "decouple": "false",
        "topic": "",
        "topicType": "str",
        "style": "",
        "onvalue": "on",
        "onvalueType": "str",
        "onicon": "",
        "oncolor": "",
        "offvalue": "off",
        "offvalueType": "str",
        "officon": "",
        "offcolor": "",
        "animate": true,
        "x": 90,
        "y": 60,
        "wires": [
            [
                "eb30e74b.9ca058"
            ]
        ]
    },
    {
        "id": "92c8e523.183738",
        "type": "mqtt in",
        "z": "94cf8e9e.4c4dc",
        "name": "",
        "topic": "esp8266/ldr",
        "qos": "2",
        "datatype": "auto",
        "broker": "6f6ed074.6ae5f",
        "x": 110,
        "y": 220,
        "wires": [
            [
                "fd29e914.9d46e8",
                "d6141f4a.394e3"
            ]
        ]
    },
    {
        "id": "e96d7d26.26dfb",
        "type": "mqtt in",
        "z": "94cf8e9e.4c4dc",
        "name": "",
        "topic": "esp8266/motion",
        "qos": "2",
        "datatype": "auto",
        "broker": "6f6ed074.6ae5f",
        "x": 120,
        "y": 140,
        "wires": [
            [
                "9e0997cb.ba5aa8"
            ]
        ]
    },
    {
        "id": "9e0997cb.ba5aa8",
        "type": "ui_text",
        "z": "94cf8e9e.4c4dc",
        "group": "9a1861f8.88c6d",
        "order": 2,
        "width": 0,
        "height": 0,
        "name": "",
        "label": "PIR Status:",
        "format": "{{msg.payload}}",
        "layout": "row-spread",
        "x": 370,
        "y": 140,
        "wires": []
    },
    {
        "id": "fd29e914.9d46e8",
        "type": "ui_gauge",
        "z": "94cf8e9e.4c4dc",
        "name": "",
        "group": "9a1861f8.88c6d",
        "order": 3,
        "width": 0,
        "height": 0,
        "gtype": "gage",
        "title": "LDR",
        "label": "Luminosity",
        "format": "{{value}}",
        "min": 0,
        "max": "1023",
        "colors": [
            "#00b500",
            "#e6e600",
            "#ca3838"
        ],
        "seg1": "",
        "seg2": "",
        "x": 350,
        "y": 220,
        "wires": []
    },
    {
        "id": "7a6de433.20e89c",
        "type": "ui_chart",
        "z": "94cf8e9e.4c4dc",
        "name": "",
        "group": "9a1861f8.88c6d",
        "order": 5,
        "width": 0,
        "height": 0,
        "label": "Temperatur",
        "chartType": "line",
        "legend": "false",
        "xformat": "HH:mm:ss",
        "interpolate": "linear",
        "nodata": "",
        "dot": false,
        "ymin": "",
        "ymax": "",
        "removeOlder": 1,
        "removeOlderPoints": "",
        "removeOlderUnit": "3600",
        "cutout": 0,
        "useOneColor": false,
        "useUTC": false,
        "colors": [
            "#1f77b4",
            "#aec7e8",
            "#ff7f0e",
            "#2ca02c",
            "#98df8a",
            "#d62728",
            "#ff9896",
            "#9467bd",
            "#c5b0d5"
        ],
        "outputs": 1,
        "useDifferentColor": false,
        "x": 370,
        "y": 320,
        "wires": [
            []
        ]
    },
    {
        "id": "d6141f4a.394e3",
        "type": "ui_chart",
        "z": "94cf8e9e.4c4dc",
        "name": "",
        "group": "9a1861f8.88c6d",
        "order": 4,
        "width": 0,
        "height": 0,
        "label": "Licht",
        "chartType": "line",
        "legend": "false",
        "xformat": "HH:mm:ss",
        "interpolate": "linear",
        "nodata": "",
        "dot": false,
        "ymin": "",
        "ymax": "",
        "removeOlder": "1",
        "removeOlderPoints": "",
        "removeOlderUnit": "3600",
        "cutout": 0,
        "useOneColor": false,
        "useUTC": false,
        "colors": [
            "#1f77b4",
            "#aec7e8",
            "#ff7f0e",
            "#2ca02c",
            "#98df8a",
            "#d62728",
            "#ff9896",
            "#9467bd",
            "#c5b0d5"
        ],
        "outputs": 1,
        "useDifferentColor": false,
        "x": 350,
        "y": 260,
        "wires": [
            []
        ]
    },
    {
        "id": "9169c88e.414d38",
        "type": "mqtt out",
        "z": "b0f85acd.10e538",
        "name": "",
        "topic": "esp/output1",
        "qos": "",
        "retain": "",
        "broker": "6f6ed074.6ae5f",
        "x": 430,
        "y": 60,
        "wires": []
    },
    {
        "id": "1afe0e75.469292",
        "type": "ui_switch",
        "z": "b0f85acd.10e538",
        "name": "",
        "label": "Switch D5",
        "tooltip": "",
        "group": "3d720411.0fb43c",
        "order": 1,
        "width": 0,
        "height": 0,
        "passthru": true,
        "decouple": "false",
        "topic": "topic",
        "topicType": "msg",
        "style": "",
        "onvalue": "true",
        "onvalueType": "bool",
        "onicon": "",
        "oncolor": "",
        "offvalue": "false",
        "offvalueType": "bool",
        "officon": "",
        "offcolor": "",
        "animate": false,
        "x": 200,
        "y": 60,
        "wires": [
            [
                "9169c88e.414d38"
            ]
        ]
    },
    {
        "id": "41687b28.467b54",
        "type": "ui_switch",
        "z": "b0f85acd.10e538",
        "name": "",
        "label": "Switch D7",
        "tooltip": "",
        "group": "3d720411.0fb43c",
        "order": 3,
        "width": 0,
        "height": 0,
        "passthru": true,
        "decouple": "false",
        "topic": "topic",
        "topicType": "msg",
        "style": "",
        "onvalue": "true",
        "onvalueType": "bool",
        "onicon": "",
        "oncolor": "",
        "offvalue": "false",
        "offvalueType": "bool",
        "officon": "",
        "offcolor": "",
        "animate": false,
        "x": 200,
        "y": 180,
        "wires": [
            [
                "7c502ed4.38a72"
            ]
        ]
    },
    {
        "id": "644cce15.682f1",
        "type": "ui_switch",
        "z": "b0f85acd.10e538",
        "name": "",
        "label": "Switch D8",
        "tooltip": "",
        "group": "3d720411.0fb43c",
        "order": 4,
        "width": 0,
        "height": 0,
        "passthru": true,
        "decouple": "false",
        "topic": "topic",
        "topicType": "msg",
        "style": "",
        "onvalue": "true",
        "onvalueType": "bool",
        "onicon": "",
        "oncolor": "",
        "offvalue": "false",
        "offvalueType": "bool",
        "officon": "",
        "offcolor": "",
        "animate": false,
        "x": 200,
        "y": 240,
        "wires": [
            [
                "68cbd75f.a2e658"
            ]
        ]
    },
    {
        "id": "15d9dc62.e51dd4",
        "type": "ui_switch",
        "z": "b0f85acd.10e538",
        "name": "",
        "label": "Switch D6",
        "tooltip": "",
        "group": "3d720411.0fb43c",
        "order": 2,
        "width": 0,
        "height": 0,
        "passthru": true,
        "decouple": "false",
        "topic": "topic",
        "topicType": "msg",
        "style": "",
        "onvalue": "true",
        "onvalueType": "bool",
        "onicon": "",
        "oncolor": "",
        "offvalue": "false",
        "offvalueType": "bool",
        "officon": "",
        "offcolor": "",
        "animate": false,
        "x": 200,
        "y": 120,
        "wires": [
            [
                "c1121c9b.5788"
            ]
        ]
    },
    {
        "id": "c1121c9b.5788",
        "type": "mqtt out",
        "z": "b0f85acd.10e538",
        "name": "",
        "topic": "esp/output2",
        "qos": "",
        "retain": "",
        "broker": "6f6ed074.6ae5f",
        "x": 430,
        "y": 120,
        "wires": []
    },
    {
        "id": "7c502ed4.38a72",
        "type": "mqtt out",
        "z": "b0f85acd.10e538",
        "name": "",
        "topic": "esp/output2",
        "qos": "",
        "retain": "",
        "broker": "6f6ed074.6ae5f",
        "x": 430,
        "y": 180,
        "wires": []
    },
    {
        "id": "68cbd75f.a2e658",
        "type": "mqtt out",
        "z": "b0f85acd.10e538",
        "name": "",
        "topic": "esp/output2",
        "qos": "",
        "retain": "",
        "broker": "6f6ed074.6ae5f",
        "x": 430,
        "y": 240,
        "wires": []
    }
]